{
  "MAE": 23.696269725019903,
  "RMSE": 30.547079499439793,
  "R2": 0.6109440938452333,
  "residual_std": 30.465678271523547
}