{
  "MAE": 40.69611481364396,
  "RMSE": 70.07546181957187,
  "R2": 0.6956659215649089,
  "residual_std": 68.99709754806705
}